{
    "$schema": "https://schema.management.azure.com/schemas/2015-01-01/deploymentParameters.json#",
    "contentVersion": "1.0.0.0",
    "parameters": {
        "workflows_ALT_LOGIC_APP_Sentinel_name": {
            "value": null
        },
        "connections_azuresentinel_Block_IPAzureWAF_externalid": {
            "value": null
        },
        "connections_excelonlinebusiness_externalid": {
            "value": null
        },
        "connections_ipqsfraudandriskscor_externalid": {
            "value": null
        },
        "connections_office365_3_externalid": {
            "value": null
        },
        "connections_teams_1_externalid": {
            "value": null
        }
    }
}